Player,Team,OwnershipTotal,OwnershipTop1000,OwnershipTop100,OwnershipTop10
Caleb Daniel,NTH,68.45,100,100,100
Jack Macrae,STK,61.36,100,100,100
Sam Davidson,WBD,55.47,99.8,99,100
Bailey Smith,GEE,75.12,99.5,100,100
Tom De Koning,CAR,49.18,98,99,100
Zach Reid,ESS,61.72,97.6,100,100
Clayton Oliver,MEL,54.17,97.2,95,90
Levi Ashcroft,BRL,66.93,95.7,95,90
Connor Rozee,PTA,38.03,87.6,87,100
Harry Boyd,STK,52.95,87.4,88,100
Jayden Short,RIC,37.93,85.7,80,90
Matt Roberts,SYD,44.41,85.1,76,80
Jordan Dawson,ADE,34.93,83.3,82,90
Nathan O'Driscoll,FRE,31.31,81.9,79,60
Conor Stone,GWS,41.88,77.2,76,60
Christian Moraes,PTA,29.11,75.8,66,90
Tristan Xerri,NTH,57.41,74.1,67,90
Luke Trainor,RIC,39.61,73.3,65,40
Harry Sheezel,NTH,56.34,68.6,72,60
Riley Bice,SYD,31.19,62.5,72,70
Jason Horne-Francis,PTA,48.55,62.1,53,30
Max Hall,STK,34.96,60.5,63,60
Xavier Lindsay,MEL,22.5,56.9,48,40
Adam Cerra,CAR,14.68,56.4,59,60
Sam De Koning,GEE,39.85,54.4,42,20
Joel Freijah,WBD,21.43,52.5,40,80
Finn O'Sullivan ,NTH,39.71,48.2,43,20
Isaac Kako,ESS,48.38,42.6,42,20
Sam Lalor ,RIC,35.19,40.9,32,10
Izak Rankine,ADE,24.23,39.1,45,40
Hugo Garcia,STK,21.24,37.6,31,30
Lucas Camporeale,CAR,32.62,34.9,44,80
James Leake,GWS,38.22,33.9,44,60
Jaxon Prior,ESS,18.1,32.8,24,20
Nasiah Wanganeen-Milera,STK,14.26,32,33,10
Ryley Sanders,WBD,29.85,29.3,23,10
Murphy Reid ,FRE,20.65,24.1,22,20
Tom Liberatore,WBD,8.95,23,30,70
Max Holmes,GEE,18.98,22.8,22,40
Ted Clohesy,GEE,16.55,21.5,25,40
Jack Sinclair,STK,12.3,20,23,0
Corey Warner,SYD,17.28,19.7,27,40
Dayne Zorko,BRL,16.15,17.7,30,30
Tom Powell,NTH,6.45,17.6,15,10
Max Gawn,MEL,18.09,17.5,20,10
Ryan Maric,WCE,7.32,17.5,20,10
Josh Dunkley,BRL,7.73,17.1,28,20
Will Ashcroft,BRL,17.37,17.1,15,10
Andrew Brayshaw,FRE,9.66,16.2,13,10
Archer Reid,WCE,26.28,16.1,17,30
Lachie Whitfield,GWS,22.61,15.4,28,60
Angus Hastie,STK,11.12,14.4,15,20
Finn Callaghan,GWS,25.44,13.1,4,0
Harvey Langford ,MEL,13.16,10.6,11,0
Jack Henderson,MEL,8.29,9.3,13,10
Liam O'Connell,STK,10.32,9,7,0
Jake Soligo,ADE,7.12,8.1,8,20
Elijah Hewett,WCE,20.82,8,11,0
Christian Petracca,MEL,10.01,7.5,8,0
Saad El-Hawli,ESS,24.43,7.4,10,10
Jy Simpkin,NTH,10.99,7,10,20
Connor O'Sullivan,GEE,12.75,6.9,12,20
Sid Draper ,ADE,23.66,6.8,9,0
Bo Allan ,WCE,17.24,6.8,6,0
Joe Berry,PTA,10.06,6.1,4,0
Miles Bergman,PTA,3.23,5.7,6,10
Caleb Serong,FRE,9.01,5.5,8,10
Tobie Travaglia,STK,14.41,5.4,10,10
Will Day,HAW,26.66,4.9,2,0
Jake Bowey,MEL,3.91,4.7,4,0
Hugh Boxshall,STK,8.78,4.7,3,0
Mitch Knevitt,GEE,5.47,4.6,5,0
Lachie Ash,GWS,7.53,4.4,2,0
Lachie Neale,BRL,5.1,4.2,8,20
Nick Daicos,COL,26.96,4.1,6,0
Tim English,WBD,6.25,4,3,0
Daniel Curtin,ADE,11.87,4,6,20
Max Gruzewski,GWS,7.02,3.8,4,10
Jordan Clark,FRE,4.09,3.2,3,10
Tom Green,GWS,2.45,3.1,1,0
Rowan Marshall,STK,15.28,2.7,5,0
Lawson Humphries,GEE,4.12,2.7,1,0
Ethan Read,GCS,5.21,2.6,2,0
Jacob Konstanty,NTH,5.22,2.5,4,0
Tom Hanily,SYD,8.31,2.5,2,0
Tom Stewart,GEE,4.72,2.3,3,0
Noah Anderson,GCS,3.68,2.3,3,0
Luke Jackson,FRE,10.8,2.3,4,0
Zach Merrett,ESS,9.06,2.2,5,0
Kane Farrell,PTA,2.99,2,1,0
Max Heath,STK,11.68,1.9,3,0
Aidan Johnson,MEL,1.22,1.9,2,0
Sam Wicks,SYD,3.34,1.8,1,0
Tom Gross,WCE,2.06,1.6,1,0
Hamish Davis,WCE,1.24,1.5,2,20
George Hewett,CAR,1.73,1.4,2,0
Christian Salem,MEL,3.7,1.4,0,0
Bailey Dale,WBD,2.85,1.4,0,0
Coen Livingstone,WCE,6.06,1.4,2,0
Josh Dolan,WBD,2,1.4,1,0
Sam Walsh,CAR,3.18,1.2,0,0
Isaac Keeler,STK,3.83,1.2,2,0
Toby Nankervis,RIC,2.38,1.1,1,0
Matt Rowell,GCS,3.97,1.1,0,0
Matthew Jefferson,MEL,1.3,1.1,0,0
Thomas Edwards,ESS,1.23,1,2,10
Kaleb Smith,RIC,6.09,1,1,0
Tim Taranto,RIC,2.74,0.9,1,0
Jack Silvagni,CAR,2.71,0.9,3,10
Gryan Miers,GEE,4.28,0.9,0,0
Bailey Humphrey,GCS,1.98,0.9,1,0
Josh Sinn,PTA,2.39,0.8,1,0
James Tunstill,BRL,5.08,0.8,0,0
Will White,CAR,1.39,0.8,1,10
Darcy Cameron,COL,5.09,0.7,2,0
Matthew Kennedy,WBD,1.9,0.7,1,0
James Peatling,ADE,4.63,0.7,0,0
Luke Cleary,WBD,1.26,0.7,1,0
Harry Armstrong ,RIC,4.25,0.7,0,0
Charlie Edwards,ADE,1.42,0.7,1,0
Jack Graham,WCE,2.55,0.6,1,0
Harry Perryman,COL,11.04,0.6,1,0
John Noble,GCS,2.59,0.6,0,0
Sam Taylor,GWS,7.66,0.6,0,0
Riley Thilthorpe,ADE,2.5,0.6,1,0
Lachlan Charleson,PTA,9.69,0.6,1,0
Tyrell Dewar,WCE,1.43,0.6,1,0
Isaiah Dudley,FRE,2.65,0.5,1,0
Josh Gibcus,RIC,4.94,0.5,2,0
Sam Darcy,WBD,3.13,0.5,2,10
Oliver Wiltshire,GEE,1.52,0.5,0,0
Caiden Cleary,SYD,1.57,0.5,2,0
Will McLachlan,BRL,0.87,0.5,1,0
Finnbar Maley,NTH,4.33,0.5,1,0
William Hayes,COL,1.27,0.5,2,0
Kamdyn McIntosh,RIC,1.78,0.4,1,0
Jarrod Berry,BRL,0.78,0.4,1,10
Daniel Rioli,GCS,2.9,0.4,0,0
Kieren Briggs,GWS,2.15,0.4,1,0
Trent Rivers,MEL,2.77,0.4,0,0
Ben Jepson,GCS,4.42,0.4,0,0
Karl Worner,FRE,1.99,0.4,0,0
Patrick Said,STK,0.36,0.4,3,20
Matt Whitlock,NTH,2.72,0.4,0,0
Cody Angove ,GWS,7.59,0.4,0,0
Jack Hutchinson,WCE,1.61,0.4,0,0
Joel Hamling,SYD,0.45,0.3,0,0
James Sicily,HAW,10.57,0.3,1,0
Jordon Sweet,PTA,2.58,0.3,0,0
Corey Wagner,FRE,0.84,0.3,0,0
Liam Baker,WCE,5.2,0.3,0,0
Jack Ross,RIC,0.81,0.3,0,0
Ed Richards,WBD,1.15,0.3,0,0
Jase Burgoyne,PTA,1.35,0.3,0,0
Darcy Wilmot,BRL,0.94,0.3,0,0
Josh Ward,HAW,0.98,0.3,0,0
Harry Barnett,WCE,4.54,0.3,0,0
Oliver Hollands,CAR,3.06,0.3,0,0
Colby McKercher,NTH,4.48,0.3,0,0
Ben Camporeale,CAR,0.8,0.3,1,0
Charlie West,COL,1.16,0.3,1,10
Wil Dawson,NTH,0.73,0.3,0,0
Luke Parker,NTH,2.07,0.2,0,0
Rory Laird,ADE,0.54,0.2,1,0
Toby Greene,GWS,5.3,0.2,0,0
Sam Docherty,CAR,2.14,0.2,1,0
Harry Himmelberg,GWS,2.56,0.2,0,0
Ben Keays,ADE,2.11,0.2,1,0
Sam Powell-Pepper,PTA,2.45,0.2,0,0
Jack Henry,GEE,2.65,0.2,0,0
Hugh McCluggage,BRL,0.93,0.2,1,0
Sandy Brock,WCE,2.76,0.2,1,0
Rhett Bazzo,WCE,1.52,0.2,0,0
Lance Collard,STK,1.41,0.2,0,0
Logan Evans,PTA,0.98,0.2,0,0
Ashton Moir,CAR,2.63,0.2,1,0
Liam Fawcett,RIC,0.48,0.2,0,0
Liam Reidy,FRE,3.6,0.2,0,0
Clay Hall,WCE,2.47,0.2,0,0
Billy Wilson,CAR,1.8,0.2,2,0
Lachlan Smith,WBD,0.88,0.2,0,0
Vigo Visentini,ESS,0.91,0.2,0,0
Aiden Riddle,FRE,0.26,0.2,0,0
Dylan Shiel,ESS,0.83,0.1,0,0
Zac Williams,CAR,1.62,0.1,0,0
Jesse Hogan,GWS,1.46,0.1,0,0
Josh Kelly,GWS,2.68,0.1,1,0
Karl Amon,HAW,4.12,0.1,0,0
Jeremy Finlayson,PTA,1.02,0.1,0,0
Touk Miller,GCS,0.76,0.1,0,0
Patrick Cripps,CAR,6.13,0.1,0,0
Wayne Milera,ADE,1.28,0.1,0,0
Luke Ryan,FRE,3.04,0.1,0,0
Lloyd Meek,HAW,6.83,0.1,0,0
Luke Davies-Uniacke,NTH,1.79,0.1,1,0
Zac Bailey,BRL,2.17,0.1,0,0
Patrick Lipinski,COL,8.45,0.1,0,0
Josh Daicos,COL,4.89,0.1,0,0
Joel Jeffrey,GCS,0.32,0.1,0,0
Jye Caldwell,ESS,1.63,0.1,0,0
Zak Butters,PTA,1.52,0.1,0,0
Nick Murray,ADE,0.63,0.1,0,0
Sam Flanders,GCS,3.4,0.1,1,0
James Blanck,HAW,0.82,0.1,1,10
Chad Warner,SYD,6.41,0.1,0,0
Sam Banks,RIC,0.63,0.1,0,0
Reef McInnes,COL,2.91,0.1,0,0
Hugh Jackson,PTA,4.35,0.1,0,0
Will Verrall,MEL,3.84,0.1,0,0
Ben Hobbs,ESS,1.49,0.1,0,0
Jayden Nguyen,ESS,6,0.1,0,0
Lucca Grego,WCE,1.06,0.1,0,0
Aaron Cadman,GWS,1.17,0.1,0,0
Loch Rawlinson,WCE,1.17,0.1,0,0
Jakob Ryan,COL,0.77,0.1,0,0
Arthur Jones,WBD,1.29,0.1,0,0
Tom Cochrane,PTA,0.96,0.1,1,0
Bodie Ryan,HAW,0.38,0.1,1,0
Hugh Davies,FRE,0.84,0.1,0,0
Jedd Busslinger,WBD,2.17,0.1,0,0
Cam Mackenzie,HAW,1.82,0.1,0,0
Hudson O'Keeffe,CAR,0.52,0.1,0,0
Patrick Snell,SYD,0.3,0.1,0,0
Nic Martin,ESS,4.39,0.1,0,0
Jacob Molier,GEE,0.17,0.1,0,0
Cooper Simpson,FRE,1.76,0.1,0,0
Josh Weddle,HAW,4.79,0.1,1,0
Ollie Murphy,FRE,0.24,0.1,0,0
Jack Ough,GWS,0.9,0.1,0,0
James Barrat,STK,1.21,0.1,0,0
Cody Anderson,HAW,1.15,0.1,0,0
Malakai Champion,WCE,0.28,0.1,0,0
Kayle Gerreyn ,ESS,6.75,0.1,0,0
Ricky Mentha ,MEL,0.55,0.1,0,0
Will Lorenz,PTA,0.93,0.1,0,0
Archer Day-Wicks,ESS,0.87,0.1,0,0
Luke Urquhart,NTH,0.54,0.1,0,0
Lachlan Gulbin ,GCS,0.07,0.1,0,0
Jobe Shanahan,WCE,0.52,0.1,0,0
Campbell Gray,RIC,0.67,0.1,0,0
Travis Boak,PTA,0.36,0,0,0
Scott Pendlebury,COL,1.97,0,0,0
Patrick Dangerfield,GEE,0.78,0,0,0
Todd Goldstein,ESS,0.4,0,0,0
Callan Ward,GWS,0.8,0,0,0
Rhys Stanley,GEE,0.68,0,0,0
Taylor Walker,ADE,0.65,0,0,0
Luke Breust,HAW,0.57,0,0,0
Jake Melksham,MEL,0.09,0,0,0
Steele Sidebottom,COL,1.29,0,0,0
Michael Walters,FRE,0.27,0,0,0
Mitch Duncan,GEE,0.21,0,0,0
Liam Jones,WBD,0.25,0,0,0
Steven May,MEL,0.68,0,0,0
Taylor Duryea,WBD,0.08,0,0,0
Tom Campbell,MEL,2.29,0,0,0
Dane Rampe,SYD,2.18,0,0,0
Lachlan Keeffe,GWS,4.33,0,0,0
Cameron Guthrie,GEE,0.14,0,0,0
Dion Prestia,RIC,0.12,0,0,0
Jimmy Webster,STK,0.14,0,0,0
Jamie Cripps,WCE,0.29,0,0,0
David Swallow,GCS,0.42,0,0,0
Jack Darling,NTH,0.54,0,0,0
Jeremy Howe,COL,1.49,0,0,0
Jack Gunston,HAW,0.23,0,0,0
Tom McDonald,MEL,0.14,0,0,0
Ryan Lester,BRL,0.34,0,0,0
Nat Fyfe,FRE,0.46,0,0,0
Will Hoskin-Elliott,COL,0.56,0,0,0
Brodie Smith,ADE,0.09,0,0,0
Sam Day,BRL,0.17,0,0,0
Taylor Adams,SYD,2.04,0,0,0
Adam Treloar,WBD,0.87,0,0,0
Robbie Fox,SYD,0.13,0,0,0
Brody Mihocek,COL,0.75,0,0,0
Tom Mitchell,COL,0.08,0,0,0
Jack Viney,MEL,0.33,0,0,0
Stephen Coniglio,GWS,1.64,0,0,0
Jarrod Witts,GCS,1.34,0,0,0
Harry Cunningham,SYD,0.09,0,0,0
Elliot Yeo,WCE,0.17,0,0,0
Lincoln McCarthy,BRL,0.13,0,0,0
Sam Frost,HAW,1.27,0,0,0
Jamie Elliott,COL,2.11,0,0,0
Tom Lynch,RIC,1.78,0,0,0
Jeremy Cameron,GEE,7.64,0,0,0
Jack Crisp,COL,2.23,0,0,0
Jed Bews,GEE,0.25,0,0,0
Jake Stringer,GWS,0.39,0,0,0
Brodie Grundy,SYD,4.02,0,0,0
Sean Lemmens,GCS,0.15,0,0,0
Jason Johannisen,WBD,0.09,0,0,0
Ollie Wines,PTA,0.39,0,0,0
Aliir Aliir,PTA,2.41,0,0,0
Rory Atkins,PTA,0.07,0,0,0
Aidan Corr,NTH,0.99,0,0,0
Tim Membrey,COL,1.33,0,0,0
Jaeger O'Meara,FRE,1.16,0,0,0
Alex Sexton,GCS,0.16,0,0,0
Nick Vlastuin,RIC,0.79,0,0,0
Jeremy McGovern,WCE,1.03,0,0,0
James Aish,FRE,0.17,0,0,0
Nathan Broad,RIC,0.42,0,0,0
Nick Haynes,CAR,1.01,0,0,0
Mason Wood,STK,1.04,0,0,0
Jake Lloyd,SYD,4.2,0,0,0
Sam Collins,GCS,0.39,0,0,0
Adam Saad,CAR,2.23,0,0,0
Bradley Hill,STK,0.91,0,0,0
Tim Kelly,WCE,0.55,0,0,0
Jack Martin,GEE,0.21,0,0,0
Jack Steele,STK,1.28,0,0,0
Willie Rioli,PTA,0.93,0,0,0
Jarman Impey,HAW,2.17,0,0,0
Darcy Gardiner,BRL,0.1,0,0,0
Jake Kolodjashnij,GEE,0.1,0,0,0
Blake Acres,CAR,0.56,0,0,0
Dom Sheed,WCE,0.07,0,0,0
Orazio Fantasia,CAR,0.41,0,0,0
Jack Billings,MEL,0.23,0,0,0
Luke McDonald,NTH,0.27,0,0,0
Alex Neal-Bullen,ADE,1.37,0,0,0
Callum Wilkie,STK,0.89,0,0,0
Mark Blicavs,GEE,0.41,0,0,0
Mitch McGovern,CAR,0.62,0,0,0
Marcus Bontempelli,WBD,2.48,0,0,0
Matt Crouch,ADE,0.35,0,0,0
Nick Holman,GCS,0.45,0,0,0
Daniel McStay,COL,1.78,0,0,0
Reilly O'Brien,ADE,1.11,0,0,0
James Harmes,WBD,0.49,0,0,0
Nic Newman,CAR,0.29,0,0,0
Darcy Fort,BRL,1,0,0,0
Ed Langdon,MEL,0.23,0,0,0
Liam Duggan,WCE,0.87,0,0,0
Jayden Laverde,ESS,0.09,0,0,0
Jake Lever,MEL,0.8,0,0,0
Darcy Moore,COL,4.77,0,0,0
Peter Wright,ESS,0.12,0,0,0
Marc Pittonet,CAR,0.18,0,0,0
Oleg Markov,COL,0.16,0,0,0
Alex Pearce,FRE,1.29,0,0,0
Jade Gresham,ESS,0.25,0,0,0
Callum Ah Chee,BRL,0.73,0,0,0
Shane McAdam,MEL,0.03,0,0,0
Lachie Weller,GCS,0.25,0,0,0
Isaac Heeney,SYD,8.75,0,0,0
Kyle Langford,ESS,0.43,0,0,0
Tom Barrass,HAW,4.45,0,0,0
Charlie Cameron,BRL,1.12,0,0,0
Rory Lobb,WBD,0.87,0,0,0
Aaron Francis,SYD,0.1,0,0,0
Billy Frampton,COL,0.92,0,0,0
Darcy Byrne-Jones,PTA,0.39,0,0,0
Zaine Cordy,STK,0.37,0,0,0
Zak Jones,STK,0.42,0,0,0
Brayden Maynard,COL,2.4,0,0,0
Anthony Scott,WBD,0.29,0,0,0
Sam Switkowski,FRE,0.09,0,0,0
Ryan Burton,PTA,0.18,0,0,0
Bailey Williams,WBD,0.1,0,0,0
Dan Butler,STK,0.14,0,0,0
Oscar McDonald,FRE,0.49,0,0,0
Dougal Howard,STK,0.05,0,0,0
Blake Hardwick,HAW,1.34,0,0,0
Brayden Fiorini,GCS,0.04,0,0,0
Darcy Tucker,NTH,0.3,0,0,0
Darcy Parish,ESS,0.13,0,0,0
Tom Cole,WCE,0.3,0,0,0
Jacob Weitering,CAR,2.39,0,0,0
Shaun Mannagh,GEE,0.18,0,0,0
Matt Flynn,WCE,1.24,0,0,0
Jacob Hopper,RIC,0.48,0,0,0
Callum Mills,SYD,1.84,0,0,0
Ben Long,GCS,0.12,0,0,0
Eric Hipwood,BRL,0.45,0,0,0
Shai Bolton,FRE,3.63,0,0,0
Mabior Chol,HAW,1.68,0,0,0
Jordan De Goey,COL,0.47,0,0,0
Dan Houston,COL,4.56,0,0,0
Jayden Hunt,WCE,0.71,0,0,0
Tom Atkins,GEE,0.4,0,0,0
Harris Andrews,BRL,1.66,0,0,0
Matt Guelfi,ESS,0.09,0,0,0
Jake Waterman,WCE,1.39,0,0,0
Marty Hore,MEL,0.05,0,0,0
Charlie Curnow,CAR,2.29,0,0,0
Lewis Melican,SYD,1.49,0,0,0
Tom Papley,SYD,2.38,0,0,0
Brennan Cox,FRE,0.27,0,0,0
Mason Redman,ESS,0.58,0,0,0
Will Hayward,SYD,1.25,0,0,0
Peter Ladhams,SYD,0.58,0,0,0
Tyson Stengle,GEE,1.38,0,0,0
Lewis Young,CAR,0.19,0,0,0
Ryan Gardner,WBD,0.41,0,0,0
Conor McKenna,BRL,0.13,0,0,0
Griffin Logue,NTH,0.53,0,0,0
Ash Johnson,COL,0.13,0,0,0
Andrew McGrath,ESS,0.81,0,0,0
Oliver Florent,SYD,1.33,0,0,0
Jack Scrimshaw,HAW,1.28,0,0,0
Will Brodie,FRE,0.3,0,0,0
Ben Ainsworth,GCS,0.16,0,0,0
Josh Battle,HAW,2.03,0,0,0
Sean Darcy,FRE,0.59,0,0,0
Bailey Banfield,FRE,0.18,0,0,0
Will Setterfield,ESS,0.13,0,0,0
Jack Bowes,GEE,0.18,0,0,0
Changkuoth Jiath,HAW,1.29,0,0,0
Lachlan Sullivan,COL,0.92,0,0,0
Cameron Zurhaar,NTH,0.96,0,0,0
Ivan Soldo,PTA,0.32,0,0,0
Mason Cox,COL,1.61,0,0,0
Buku Khamis,WBD,0.89,0,0,0
Michael Frederick,FRE,0.97,0,0,0
Brad Close,GEE,0.38,0,0,0
Darcy Fogarty,ADE,0.97,0,0,0
Tom Sparrow,MEL,0.4,0,0,0
Jy Farrar,GCS,0.39,0,0,0
Quinton Narkle,FRE,0.2,0,0,0
Zac Fisher,NTH,0.26,0,0,0
Callum Coleman-Jones,NTH,0.06,0,0,0
Chris Burgess,ADE,0.04,0,0,0
Lachie Schultz,COL,1.09,0,0,0
Lachlan Bramble,WBD,0.12,0,0,0
Mitch Lewis,HAW,0.05,0,0,0
Tom Doedee,BRL,0.65,0,0,0
Harry McKay,CAR,1.23,0,0,0
Harry Morrison,HAW,1.11,0,0,0
Willem Drew,PTA,0.29,0,0,0
Lachlan Murphy,ADE,0.06,0,0,0
Nick Larkey,NTH,1.74,0,0,0
Ned Reeves,HAW,0.49,0,0,0
Jordan Ridley,ESS,0.46,0,0,0
Isaac Cumming,ADE,2.52,0,0,0
Bayley Fritsch,MEL,0.64,0,0,0
Toby Pink,NTH,0.22,0,0,0
Ben McKay,ESS,0.53,0,0,0
Esava Ratugolea,PTA,0.47,0,0,0
James Worpel,HAW,1.59,0,0,0
Jack Higgins,STK,0.37,0,0,0
Lachie Fogarty,CAR,0.46,0,0,0
Cam Rayner,BRL,1.71,0,0,0
Noah Balta,RIC,0.26,0,0,0
Brent Daniels,GWS,10.96,0,0,0
Paddy Dow,STK,0.06,0,0,0
Hunter Clark,STK,0.05,0,0,0
Charlie Spargo,MEL,0.46,0,0,0
Jack Payne,BRL,0.36,0,0,0
Brandon Starcevich,BRL,0.91,0,0,0
Ben Miller,RIC,0.38,0,0,0
Aaron Naughton,WBD,0.63,0,0,0
Jordan Boyd,CAR,0.08,0,0,0
Paul Curtis,NTH,0.68,0,0,0
Hayden McLean,SYD,0.09,0,0,0
Darragh Joyce,BRL,0.06,0,0,0
Brandon Zerk-Thatcher,PTA,0.22,0,0,0
Jack Lukosius,PTA,0.4,0,0,0
Liam Ryan,WCE,0.38,0,0,0
Oscar Allen,WCE,0.75,0,0,0
Jacob Wehr,GWS,0.59,0,0,0
Beau McCreery,COL,0.97,0,0,0
Jed McEntee,PTA,0.2,0,0,0
Dylan Stephens,NTH,0.22,0,0,0
Mitchell Hinge,ADE,0.71,0,0,0
Zach Guthrie,GEE,1.17,0,0,0
Ben Paton,SYD,1.65,0,0,0
Jordon Butts,ADE,0.2,0,0,0
Todd Marshall,PTA,0.09,0,0,0
Laitham Vandermeer,WBD,0.44,0,0,0
Noah Answerth,BRL,0.64,0,0,0
Massimo D'Ambrosio,HAW,4.2,0,0,0
Elliott Himmelberg,GCS,0.07,0,0,0
Jackson Mead,PTA,0.59,0,0,0
Kade Chandler,MEL,0.32,0,0,0
Oscar McInerney,BRL,1.53,0,0,0
Sam Draper,ESS,4.88,0,0,0
Nick Coffield,WBD,0.15,0,0,0
Malcolm Rosas,GCS,0.08,0,0,0
Liam Henry,STK,0.12,0,0,0
Nick Blakey,SYD,6.3,0,0,0
Jacob Koschitzke,RIC,0.04,0,0,0
Bailey Scott,NTH,0.12,0,0,0
Keidean Coleman,BRL,3.01,0,0,0
Caleb Graham,GCS,1.32,0,0,0
Xavier Duursma,ESS,0.35,0,0,0
Thomas Berry,GCS,0.02,0,0,0
Bailey J. Williams,WCE,0.97,0,0,0
James Rowbottom,SYD,2.06,0,0,0
Rhylee West,WBD,0.12,0,0,0
Xavier O'Halloran,GWS,3.2,0,0,0
Lachlan Sholl,ADE,0.12,0,0,0
Max King,STK,0.2,0,0,0
Ben King,GCS,1.18,0,0,0
Bobby Hill,COL,4.58,0,0,0
Chayce Jones,ADE,0.07,0,0,0
Dylan Moore,HAW,18.64,0,0,0
Riley Garcia,WBD,0.09,0,0,0
Jack Petruccelle,WCE,0.11,0,0,0
Harry Sharp,MEL,0.38,0,0,0
Mark O'Connor,GEE,0.64,0,0,0
Conor Nash,HAW,1.01,0,0,0
Brynn Teakle,NTH,0.09,0,0,0
Wil Powell,GCS,0.31,0,0,0
Connor Idun,GWS,1.2,0,0,0
Isaac Quaynor,COL,5.07,0,0,0
Joel Amartey,SYD,2.14,0,0,0
Jake Riccardi,GWS,0.07,0,0,0
Toby Bedford,GWS,6.67,0,0,0
Matthew Cottrell,CAR,1.39,0,0,0
Tom McCartin,SYD,1.78,0,0,0
Joe Richards,PTA,0.71,0,0,0
Liam Stocker,STK,0.15,0,0,0
Connor Budarick,GCS,0.06,0,0,0
Rhyan Mansell,RIC,0.43,0,0,0
Corey Durdin,CAR,0.2,0,0,0
Kysaiah Pickett,MEL,0.91,0,0,0
Harry Schoenberg,ADE,0.04,0,0,0
Leek Aleer,GWS,1.17,0,0,0
Mykelti Lefau,RIC,0.15,0,0,0
Kieran Strachan,ADE,0.23,0,0,0
Luke Beecken,BRL,3.43,0,0,0
Oskar Baker,WBD,0.18,0,0,0
Charlie Ballard,GCS,0.16,0,0,0
Harrison Petty,MEL,0.14,0,0,0
Lachlan McNeil,WBD,0.1,0,0,0
James Borlase,ADE,0.13,0,0,0
Dylan Williams,PTA,0.06,0,0,0
Charlie Dean,COL,0.08,0,0,0
Thomson Dow,RIC,0.62,0,0,0
Brodie Kemp,CAR,0.51,0,0,0
Hayden Young,FRE,0.51,0,0,0
Jamarra Ugle-Hagan,WBD,0.39,0,0,0
Bruce Reville,BRL,0.32,0,0,0
Jeremy Sharp,FRE,0.43,0,0,0
Deven Robertson,BRL,1.71,0,0,0
Jack Buller,SYD,1.89,0,0,0
Brandon Walker,FRE,0.32,0,0,0
Finn Maginness,HAW,3.44,0,0,0
Maurice Rioli,RIC,0.46,0,0,0
Jack Buckley,GWS,0.85,0,0,0
Mitch Georgiades,PTA,0.79,0,0,0
Sam Butler,HAW,0.08,0,0,0
Callum Jamieson,WCE,0.14,0,0,0
Harry Edwards,WCE,0.67,0,0,0
Lachie Jones,PTA,0.76,0,0,0
Caleb Poulter,WBD,0.22,0,0,0
Harrison Jones,ESS,0.46,0,0,0
Cody Weightman,WBD,0.22,0,0,0
Justin McInerney,SYD,0.84,0,0,0
Nick Bryan,ESS,1.37,0,0,0
Josh Worrell,ADE,1.08,0,0,0
Hugo Ralphsmith,RIC,0.25,0,0,0
Ryan Byrnes,STK,0.1,0,0,0
Brandon Ryan,BRL,0.14,0,0,0
Kallan Dawson,NTH,0.11,0,0,0
Luke Pedlar,ADE,0.08,0,0,0
Samson Ryan,RIC,1.48,0,0,0
Tanner Bruhn,GEE,0.19,0,0,0
Sam Berry,ADE,0.19,0,0,0
Josh Treacy,FRE,1.52,0,0,0
Bailey Laurie,MEL,0.63,0,0,0
Finlay Macrae,COL,0.3,0,0,0
Will Phillips,NTH,0.21,0,0,0
Eddie Ford,NTH,0.04,0,0,0
Jack Ginnivan,HAW,3.93,0,0,0
Oliver Henry,GEE,1.53,0,0,0
Elijah Hollands,CAR,0.18,0,0,0
Wil Parker,COL,0.73,0,0,0
Ollie Lord,PTA,0.41,0,0,0
Errol Gulden,SYD,1.19,0,0,0
Braeden Campbell,SYD,2.21,0,0,0
Andy Moniz-Wakefield,MEL,0.08,0,0,0
Jye Menzie,ESS,0.27,0,0,0
Heath Chapman,FRE,0.31,0,0,0
Jacob Blight,RIC,1.63,0,0,0
Logan McDonald,SYD,0.07,0,0,0
Jack Carroll,STK,0.46,0,0,0
Sam Clohesy,GCS,0.26,0,0,0
Alex Davies,GCS,0.09,0,0,0
James Jordon,SYD,4.48,0,0,0
Tyler Brockman,WCE,0.47,0,0,0
Tom Fullarton,MEL,0.16,0,0,0
Sam Sturt,FRE,0.08,0,0,0
Matthew Owies,WCE,0.56,0,0,0
Mark Keane,ADE,0.32,0,0,0
Jordan Croft,WBD,2.42,0,0,0
Kai Lohmann,BRL,1.3,0,0,0
Callum M. Brown,GWS,0.86,0,0,0
Billy Dowling,ADE,0.1,0,0,0
Harvey Harrison,COL,0.06,0,0,0
Max Michalanney,ADE,0.68,0,0,0
Ryan Angwin,GWS,0.13,0,0,0
Charlie Comben,NTH,0.27,0,0,0
Sam Durham,ESS,0.77,0,0,0
Nik Cox,ESS,0.23,0,0,0
Archie Perkins,ESS,0.5,0,0,0
Wade Derksen,GWS,0.25,0,0,0
Henry Smith,BRL,0.18,0,0,0
Alex Cincotta,CAR,0.31,0,0,0
Shannon Neale,GEE,0.41,0,0,0
Matthew Johnson,FRE,0.31,0,0,0
Judson Clarke,RIC,0.18,0,0,0
Josh Rachele,ADE,0.99,0,0,0
Campbell Chesser,WCE,0.29,0,0,0
Toby Conway,GEE,0.25,0,0,0
Zac Taylor,ADE,0.3,0,0,0
Angus McLennan,STK,0.1,0,0,0
Tom Brown,RIC,0.58,0,0,0
Harvey Gallagher,WBD,0.26,0,0,0
Jai Serong,HAW,0.39,0,0,0
Connor Macdonald,HAW,2.25,0,0,0
Miller Bergman,NTH,0.21,0,0,0
Tyler Sonsie,RIC,0.25,0,0,0
Josh Goater,NTH,0.04,0,0,0
Blake Howes,MEL,0.13,0,0,0
Ned Long,COL,1.38,0,0,0
Dante Visentini,PTA,0.51,0,0,0
Francis Evans,CAR,0.25,0,0,0
Mac Andrew,GCS,1.58,0,0,0
Bodhi Uwland,GCS,0.29,0,0,0
Jesse Motlop,CAR,1.1,0,0,0
Judd McVee,MEL,0.12,0,0,0
Jacob van Rooyen,MEL,0.34,0,0,0
Josh Fahey,GWS,0.59,0,0,0
Patrick Voss,FRE,0.4,0,0,0
William Edwards,SYD,0.73,0,0,0
Alwyn Davey Jnr,ESS,0.57,0,0,0
Seamus Mitchell,HAW,0.27,0,0,0
Cooper Sharman,STK,0.08,0,0,0
Jasper Scaife,HAW,0.47,0,0,0
Jake Rogers,GCS,0.63,0,0,0
Brayden Cook,ADE,0.06,0,0,0
Taj Woewodin,MEL,0.64,0,0,0
Tylar Young,RIC,0.11,0,0,0
Thomas Sims ,RIC,2.49,0,0,0
Kane McAuliffe,RIC,0.37,0,0,0
Jack Delean,FRE,0.13,0,0,0
Harry Lemmey,CAR,0.1,0,0,0
Mattaes Phillipou,STK,1.66,0,0,0
Neil Erasmus,FRE,1.02,0,0,0
Angus Sheldrick,SYD,5.52,0,0,0
Jack Williams,WCE,0.08,0,0,0
Jye Amiss,FRE,1.04,0,0,0
Darcy Jones,GWS,1.37,0,0,0
Joshua Draper,FRE,1.52,0,0,0
Jai Culley,MEL,0.31,0,0,0
Jai Newcombe,HAW,5.57,0,0,0
Toby Murray,ADE,1.12,0,0,0
Daniel Turner,MEL,0.09,0,0,0
Jackson Archer,NTH,0.57,0,0,0
Cooper Harvey,NTH,0.1,0,0,0
Ned Moyle,GCS,0.21,0,0,0
Luke Nankervis,ADE,0.22,0,0,0
Harry Rowston,GWS,1.3,0,0,0
Jacob Bauer,RIC,1,0,0,0
Lachlan McAndrew,ADE,0.53,0,0,0
Lachlan Cowan,CAR,0.74,0,0,0
Mate Colina,RIC,0.97,0,0,0
William McCabe,HAW,0.81,0,0,0
Tyler Welsh,ADE,0.27,0,0,0
Benny Barrett ,PTA,0.19,0,0,0
Oscar Steene,COL,1.4,0,0,0
Edward Allan,COL,1.42,0,0,0
Reuben Ginbey,WCE,0.95,0,0,0
Jaren Carr,FRE,0.26,0,0,0
Steely Green,RIC,0.77,0,0,0
Robert Hansen Jr,NTH,1.08,0,0,0
Brady Hough,WCE,0.6,0,0,0
Jed Adams,MEL,0.74,0,0,0
Marcus Windhager,STK,0.37,0,0,0
Mitch Owens,STK,0.27,0,0,0
Seth Campbell,RIC,0.41,0,0,0
Nick Watson,HAW,4.45,0,0,0
George Wardlaw,NTH,0.2,0,0,0
Lewis Hayes,ESS,0.5,0,0,0
Harley Reid,WCE,7.21,0,0,0
Zane Duursma,NTH,1.13,0,0,0
Noah Long,WCE,0.23,0,0,0
Archie Roberts,ESS,1.55,0,0,0
Jaxon Binns,CAR,0.48,0,0,0
Hugh Bond,ADE,0.39,0,0,0
Jhye Clark,GEE,0.57,0,0,0
Brayden George,NTH,0.16,0,0,0
Riley Hardeman,NTH,0.28,0,0,0
Koltyn Tholstrup,MEL,0.04,0,0,0
Henry Hustwaite,HAW,0.09,0,0,0
George Stevens,GEE,0.29,0,0,0
Jaspa Fletcher,BRL,0.71,0,0,0
Jed Walter,GCS,0.44,0,0,0
Nicholas Madden,GWS,1.46,0,0,0
Anthony Caminiti,STK,0.3,0,0,0
Elijah Tsatas,ESS,1.54,0,0,0
Caleb Mitchell,SYD,4.59,0,0,0
Reece Torrent,BRL,0.43,0,0,0
Darcy Craven,BRL,0.06,0,0,0
Arie Schoenmaker,STK,0.67,0,0,0
Mitchell Edwards,GEE,0.44,0,0,0
Luker Kentfield,MEL,0.03,0,0,0
Lloyd Johnston,GCS,0.08,0,0,0
Oisin Mullin,GEE,0.68,0,0,0
Oliver Dempsey,GEE,1.24,0,0,0
Will Graham,GCS,0.23,0,0,0
Alex Dodson ,STK,0.42,0,0,0
Indhi Kirk,SYD,0.32,0,0,0
Charlie Nicholls,FRE,0.53,0,0,0
Angus Clarke ,ESS,0.23,0,0,0
Ned Bowman,SYD,0.14,0,0,0
Jay Polkinghorne,GEE,0.18,0,0,0
Riak Andrew,SYD,0.53,0,0,0
Harry DeMattia,COL,1.05,0,0,0
Max Knobel,GCS,1.02,0,0,0
Luamon Lual,ESS,0.73,0,0,0
Geordie Payne,NTH,0.57,0,0,0
Caleb Windsor,MEL,0.41,0,0,0
Iliro Smit,COL,0.18,0,0,0
Joe Pike,GEE,0.15,0,0,0
Tom Anastasopoulos,PTA,0.19,0,0,0
Darcy Wilson,STK,1.82,0,0,0
Oscar Ryan,ADE,0.28,0,0,0
Nate Caddy,ESS,1.29,0,0,0
William Green,SYD,0.59,0,0,0
Harvey Thomas,GWS,0.08,0,0,0
Kynan Brown,MEL,0.53,0,0,0
Matthew Carroll,CAR,0.79,0,0,0
Max Ramsden,HAW,0.34,0,0,0
Harvey Johnston,WCE,0.91,0,0,0
Toby McMullin,GWS,0.05,0,0,0
Luke Lloyd,BRL,0.12,0,0,0
Logan Morris,BRL,0.73,0,0,0
Shadeau Brain,BRL,0.15,0,0,0
Odin Jones,FRE,0.24,0,0,0
Oliver Hannaford,GWS,2.05,0,0,0
Xavier Ivisic,GEE,0.07,0,0,0
Lachie Jaques,WBD,0.25,0,0,0
Harry Charleson,CAR,0.37,0,0,0
Jonty Faull,RIC,0.15,0,0,0
Jagga Smith ,CAR,2.9,0,0,0
Zak Johnson,ESS,0.28,0,0,0
Sam Marshall,BRL,0.52,0,0,0
Harry O'Farrell,CAR,0.1,0,0,0
Jasper Alger ,RIC,0.32,0,0,0
Asher Eastham,GCS,0.05,0,0,0
Harrison Oliver,GWS,0.34,0,0,0
Blake Leidler,SYD,0.28,0,0,0
Josh Smillie ,RIC,3.75,0,0,0
Noah Mraz,HAW,0.41,0,0,0
Joel Cochran,COL,0.2,0,0,0
Josaia Delana,GWS,0.66,0,0,0
Cooper Bell,GCS,0.34,0,0,0
Xavier Walsh,PTA,0.42,0,0,0
Bailey Macdonald,HAW,0.09,0,0,0
Leonardo Lombard,GCS,0.91,0,0,0
Cooper Hynes,WBD,0.27,0,0,0
Jesse Dattoli,SYD,0.27,0,0,0
Oliver Sestan,MEL,0.16,0,0,0
Alixzander Tauru,STK,1.2,0,0,0
Taylor Goad,NTH,0.49,0,0,0
James Trezise,RIC,0.24,0,0,0
River Stevens,NTH,0.32,0,0,0
Tew Jiath,COL,1.57,0,0,0
Rhys Unwin,ESS,0.15,0,0,0
Phoenix Gothard,GWS,0.38,0,0,0
Jack Whitlock,PTA,0.53,0,0,0
Patrick Retschko,GEE,0.07,0,0,0
Calsher Dear,HAW,0.31,0,0,0
Taj Hotton,RIC,0.95,0,0,0
Cooper Lord,CAR,0.82,0,0,0
Luke Kennedy,WBD,0.48,0,0,0
Lennox Hoffman,GEE,0.12,0,0,0
Keighton Matofai-Forbes,GEE,0.05,0,0,0
Logan Smith,GWS,0.19,0,0,0
Joe Fonti,GWS,0.26,0,0,0
Zane Zakostelsky,BRL,1.14,0,0,0
James O'Donnell,WBD,0.2,0,0,0
Nathan Wardius,GWS,0.13,0,0,0
Ty Gallop,BRL,0.44,0,0,0
Rob Monahan,CAR,0.11,0,0,0
Oliver Hayes-Brown,RIC,0.28,0,0,0
Karl Gallagher,ADE,0.23,0,0,0
Zak Evans,GCS,0.19,0,0,0
Jacob Moss,PTA,0.1,0,0,0
Jaime Uhr-Henry,HAW,0.98,0,0,0
Matt Hill,HAW,0.25,0,0,0
Cillian Burke,GEE,0.07,0,0,0
Matt Duffy,CAR,0.07,0,0,0
Eamonn Armstrong,STK,0.6,0,0,0
Josh Lai,PTA,0.46,0,0,0
